93.25,90.75,91.5,4077500,-1631000.00000000000,-1631000.0000000000,NaN,NaN,NaN,NaN
94.94,91.405,94.815,4955900,4605412.02263083000,2974412.0226308300,NaN,NaN,NaN,NaN
96.375,94.25,94.375,4775300,-4213500.00000000000,-1239087.9773691700,34774.68175388930,NaN,NaN,NaN
96.19,93.5,95.095,4155300,772360.59479554000,-466727.3825736260,422865.55422934700,NaN,NaN,NaN
96,92.815,93.78,4593100,-1809840.03139717000,-2276567.4139707900,-1327460.92463786000,NaN,NaN,NaN
94.72,93.5,94.625,3631300,3065769.67213115000,789202.2581603610,-651364.17946135300,NaN,NaN,NaN
95,92,92.53,3382800,-2187544.00000000000,-1398341.7418396400,-961902.29921668900,NaN,NaN,NaN
93.72,89.75,92.75,4954200,2533255.91939547000,1134914.1775558300,175258.23129218500,NaN,NaN,NaN
92.47,89.44,90.315,4500000,-1900990.09900990000,-766075.9214540700,-343167.82857929200,NaN,NaN,NaN
92.75,90.625,92.47,3397500,2502158.82352941000,1736082.9020753400,701640.38605903300,-114318.907678493000,815959.29373752600,NaN
96.25,92.75,96.125,4204500,3904178.57142857000,5640261.4735039100,2203422.81804173000,612807.239671898000,1590615.57836983000,NaN
99.625,96.315,97.25,6321400,-2750095.46827794000,2890166.0052259700,3422170.12693507000,604382.637931412000,2817787.48900366000,NaN
99.125,96.03,98.5,10203600,6082598.38449111000,8972764.3897170800,5834397.28948232000,1625567.874640040000,4208829.41484228000,NaN
92.75,88.815,89.875,19043900,-8783908.13214738000,188856.2575697040,4017262.21750425000,1691126.238654370000,2326135.97884988000,NaN
91.315,86.75,91,11692000,10078427.16319830000,10267283.4207680000,6476301.35601825000,2945511.322128250000,3530790.03389000000,NaN
93.25,90.94,92.815,9553300,5955303.89610388000,16222587.3168718000,8892908.99840317000,4488849.827999390000,4404059.17040378000,NaN
93.405,88.905,89.155,8920300,-7929155.55555556000,8293431.7613162900,11594434.16631870000,5458027.178314990000,6136406.98800371000,NaN
90.655,88.78,89.345,5970900,-2372437.60000001000,5920994.1613162700,10145671.07983480000,5936635.176691030000,4209035.90314377000,NaN
91.97,89.25,91.625,5062300,3778113.60294118000,9699107.7642574600,7971177.89563001000,6983153.545262180000,988024.35036782400,NaN
92.25,89.75,89.875,3705600,-3335040.00000000000,6364067.7642574600,7328056.56327706000,7445952.031480400000,-117895.46820333500,NaN
90.345,87.5,88.375,5865600,-2257585.94024604000,4106481.8240114100,6723219.11750877000,7292574.066531150000,-569354.94902237200,3.0883628588683100
88.5,86.53,87.625,5603000,625715.73604060600,4732197.5600520200,5067582.38277363000,7476777.222013750000,-2409194.83924012000,4.7312903538000200
88.25,84.625,84.78,5811900,-5314882.34482758000,-582684.7847755650,2751998.19976262000,6521232.304564480000,-3769234.10480186000,-2.6281157192111000
85.5,82.28,83,8483800,-4689802.48447205000,-5272487.2692476200,-374324.83132372300,5975097.951882750000,-6349422.78320647000,-2.9005512816596300
84.44,81.565,83.5,5995200,2074860.52173914000,-3197626.7475084800,-3017599.60051055000,4628606.935055110000,-7646206.53556566000,-1.9382349310590700
84.75,80.875,81.375,5408800,-4012980.64516129000,-7210607.3926697700,-5226907.13647529000,2285287.464100950000,-7512194.60057624000,-3.4817400505525500
84.44,81.25,84.44,5430500,5430500.00000000000,-1780107.3926697700,-4062780.51094934000,1277933.548702340000,-5340714.05965168000,-1.7903212022137200
89.405,84.065,89.25,6283800,5919010.11235955000,4138902.7196897800,-1617270.68854992000,1099724.404539690000,-2716995.09308961000,3.7819582271748100
88.125,85.595,86.375,5834800,-2237057.70750988000,1901845.0121799000,1420213.44639997000,319998.129331935000,1100215.31706803000,0.5206848911209230
89.125,85.97,86.25,4515500,-3714016.64025356000,-1812171.6280736600,1409525.36793200000,-497625.809901177000,1907151.17783318000,-0.7101408520500510
87.155,84.405,85.25,4493300,-1731962.90909091000,-3544134.5371645800,-1151487.05101945000,-1262687.446018780000,111200.39499932800,-3.5580021018570400
87.25,85.095,87.125,4346100,3841912.06496520000,297777.5278006210,-1686176.21247921000,-1706129.449243920000,19953.23676470850,-3.5965278983041500
87.375,85.5,85.815,3700300,-2456999.20000001000,-2159221.6721993900,-1801859.56052111000,-1863783.137986300000,61923.57746518360,-3.4602740988835700
88.97,85.53,88.97,4600200,4600200.00000000000,2440978.3278006100,193178.06113394900,-1092436.578281470000,1285614.63941542000,-4.6548851611885000
90,87.875,88.47,4557200,-2005168.00000000000,435810.3278006080,239188.99446727700,-729092.870750565000,968281.86521784300,0.1962532266462140
89.845,86.565,86.875,4323600,-3506334.14634146000,-3070523.8185408500,-64578.38764654350,-315084.513337673000,250506.12569113000,-11.2587638979191000
86.97,84.655,86.815,5237500,4536150.10799135000,1465626.2894505000,-389695.73376324700,9488.854874354350,-399184.58863760100,-12.9276698835581000
85.94,83.25,84.875,7404100,1541373.97769517000,3007000.2671456800,467367.57935177700,-103701.390380055000,571068.96973183300,-4.6934597849411400
84.75,82.565,84.19,4798400,2338808.23798626000,5345808.5051319400,3272811.68724271000,240694.958915149000,3032116.72832756000,-0.5160397591853080
85.47,83.44,83.875,4372800,-2498742.85714285000,2847065.6479890900,3733291.47342224000,706618.686521424000,3026672.78690081000,-6.1857167120466900
84.47,82.53,83.375,3872300,-499007.73195876300,2348057.9160303300,3513644.02305045000,1295837.931840910000,2217806.09120954000,-3.6200260578383600
88.5,85.065,85.5,10750800,-8027889.95633187000,-5679832.0403015400,-161569.49209403800,698076.975030699000,-859646.46712473700,-8.4493043873612900
89.47,86.875,89.19,5804800,4552126.39691714000,-1127705.6433843900,-1486493.25588520000,801228.577912198000,-2287721.83379740000,-5.0505217408181200
90,88.53,89.44,3785500,901309.52380951000,-226396.1195748840,-2344644.60108694000,534491.133174649000,-2879135.73426159000,0.3125358359223980
92.44,89.28,91.095,5014800,745872.15189873300,519476.0323238490,-278208.57687847700,542857.703626973000,-821066.28050544900,5.2401588537907400
91.44,90.125,90.75,3507700,-173384.41064638200,346091.6216774670,213057.17814214400,884519.247648805000,-671462.06950666100,3.2799208917076800
92.97,90.75,91.44,4298800,-1626572.97297298000,-1280481.3512955100,-138304.56576473300,609908.483574203000,-748213.04933893500,5.5456567501966300
91.72,89,89,4842500,-4842500.00000000000,-6122981.3512955100,-2352457.02697119000,-303089.678269917000,-2049367.34870127000,-4.0837671034462800
91.155,88.565,91,3952200,3479156.75675675000,-2643824.5945387600,-3349095.76570993000,-1102052.988236990000,-2247042.77747294000,-6.5210255181347500
91.75,90.095,90.5,3304700,-1687293.95770392000,-4331118.5522426800,-4365974.83269232000,-1819871.408260160000,-2546103.42443216000,-6.1418734394422200
90,89,89.03,3462000,-3254279.99999999000,-7585398.5522426800,-4853447.23300804000,-2813217.055087460000,-2040230.17792058000,-5.7485312339878000
88.875,86.47,88.815,7253900,6891959.04365903000,-693439.5085836460,-4203318.87102300000,-2314577.801915680000,-1888741.06910733000,2.7625637207612100
89,84,84.28,9753100,-8660752.80000000000,-9354192.3085836400,-5877676.78980332000,-3137226.468435600000,-2740450.32136772000,-8.8878625198294800
85.25,83.315,83.5,5953000,-4814700.25839792000,-14168892.5669816000,-8072174.79471628000,-4531476.113176270000,-3540698.68154002000,-10.8341738646423000
83.815,82,82.69,5011700,-1201151.23966943000,-15370043.8066510000,-12964376.22740540000,-6120428.097073750000,-6843948.13033164000,-16.0082671388744000
85.25,83.25,84.75,5910800,2955400.00000000000,-12414643.8066510000,-13984526.72676120000,-7396501.639906600000,-6588025.08685458000,-11.4109613590122000
86.625,84.75,85.655,4916900,-170452.53333332700,-12585096.3399843000,-13456594.65109540000,-8526963.138775480000,-4929631.51231995000,-8.4044831707953100
87.94,85.28,86.19,4135000,-1305789.47368422000,-13890885.8136685000,-12963541.98676790000,-9303753.585012780000,-3659788.40175517000,-13.6982315840207000
89.375,87.19,88.94,4054200,2439941.87643020000,-11450943.9372383000,-12642308.69696370000,-10184465.519282700000,-2457843.17768099000,-13.2939401029131000
90.625,88.44,89.28,3735300,-863307.32265445400,-12314251.2598928000,-12552027.00359990000,-10982778.790047700000,-1569248.21355214000,-16.3985519598569000
90.75,88.25,88.625,2921900,-2045330.00000000000,-14359581.2598928000,-12708258.81900800000,-11660197.060812800000,-1048061.75819521000,-16.1957258933452000
88.845,87.345,88.5,2658400,1435536.00000000000,-12924045.2598928000,-13199292.59322610000,-12883257.635943700000,-316034.95728245000,-14.5409825721932000
91.97,89.28,91.97,4624400,4624400.00000000000,-8299645.2598927900,-11861090.59322610000,-12777802.931074600000,916712.33784846800,-2.6489088342263900
93.375,91.095,91.5,4372200,-2818918.42105263000,-11118563.6809454000,-10780751.40024370000,-12472770.042471000000,1692018.64222731000,-10.2502929521807000
93.815,89.53,93.25,5831600,4293745.15752626000,-6824818.5234191600,-8747675.82141912000,-11618247.514147800000,2870571.69272867000,-6.6305740574488400
94.03,91.155,93.5,4268600,2694785.73913043000,-4130032.7842887200,-7357804.99621776000,-10789786.411911600000,3431981.41569380000,-4.7074623860472000
94.03,92,93.155,3059200,421958.62068965700,-3708074.1635990700,-4887641.82376898000,-9902084.194273040000,5014442.37050406000,-4.1234227945335200
91.815,90.53,91.72,4495500,3830795.71984436000,122721.5562452970,-2571795.13054750000,-8500723.457281660000,5928928.32673416000,1.4243242112697300
92,89.97,90,3425000,-3323768.47290640000,-3201046.9166611000,-2262133.17467163000,-7675733.755223930000,5413600.58055231000,3.0092136678569300
91.94,88.815,89.69,3630800,-1597552.00000000000,-4798598.9166611000,-2625641.42569230000,-6924168.520900770000,4298527.09520846000,-2.2265079554304000
89.75,86.75,88.875,4168100,1736708.33333333000,-3061890.5833277700,-3687178.80554999000,-5794399.453244260000,2107220.64769427000,1.2998844436335700
88.75,85.065,85.19,5966900,-5562089.95929444000,-8623980.5426222100,-5494823.34753703000,-5364392.981517210000,-130430.36601982300,-1.0370626935335100
86.155,82.03,83.375,7692800,-2676161.93939394000,-11300142.4820162000,-7662004.53598871000,-5664442.703729540000,-1997561.83225917000,-10.5449727032278000
84.875,81.5,84.875,7362500,7362500.00000000000,-3937642.4820161500,-7953921.83555150000,-4946350.583836610000,-3007571.25171489000,5.5161269502738300
85.94,82.565,85.94,6581300,6581300.00000000000,2643657.5179838500,-4198042.48201615000,-3999502.979696310000,-198539.50231983800,17.0127734152900000
99.375,96.345,97.25,19587700,-7886796.69966996000,-5243139.1816861100,-2179041.38190614000,-4110813.619436050000,1931772.23752992000,8.9303218676029000
103.28,96.47,99.875,10378600,0.00000000000,-5243139.1816861100,-2614206.94846279000,-4264320.121244760000,1650113.17278197000,6.0844092997821100
105.375,101.155,104.94,9334700,7410247.63033174000,2167108.4486456300,-2773056.63824219000,-4059881.432004720000,1286824.79376253000,12.0638189312563000
107.625,104.25,106,10467200,387674.07407407400,2554782.5227197100,-173749.40344025600,-3484298.488066640000,3310549.08462639000,12.7865531950997000
105.25,101.75,102.5,5671400,-3240800.00000000000,-686017.4772802920,1345291.16469502000,-3073040.344128560000,4418331.50882358000,8.2658278131134900
104.5,101.72,102.405,5645000,-2863111.51079136000,-3549128.9880716500,-560121.31421074500,-3121764.184602950000,2561642.87039220000,6.6330181755187500
105.5,101.72,104.595,4518600,2354931.74603174000,-1194197.2420399100,-1809781.23579728000,-2378785.854544720000,569004.61874743600,9.8439769687214300
106.125,103.155,106.125,4519500,4519500.00000000000,3325302.7579600900,-472674.49071715500,-916241.330547094000,443566.83982993900,11.9831536042738000
107.94,105.69,106,5569700,-4034938.22222221000,-709635.4642621180,473823.35055268900,-593440.628771690000,1067263.97932438000,5.5585368804642700
106.25,103.655,106.065,4239700,3635195.56840076000,2925560.1041386400,1847075.79927887000,-565250.370156210000,2412326.16943508000,10.2951915524197000
107,104,104.625,4175300,-2435591.66666667000,489968.4374719780,901964.35911616800,8060.391759598120,893903.96735657000,5.4280870395851000
108.75,105.53,108.625,4995300,4607466.14906832000,5097434.5865403000,2837654.37605031000,1042117.768582240000,1795536.60746807000,6.8107030241245000
110.94,108.53,109.315,4776600,-1664873.02904565000,3432561.5574946500,3006654.86050231000,1168663.079467140000,1837991.78103517000,5.2044615327551000
110.94,108.75,110.5,4190000,2506347.03196348000,5938908.5894581200,4822968.24449769000,1507075.686140980000,3315892.55835671000,4.2485954980747000
114.22,107.75,112.75,6035300,3292829.82998455000,9231738.4194426700,6201069.52213181000,2498851.275813280000,3702218.24631854000,8.9119437276292800
123,117,123,12168900,12168900.00000000000,21400638.4194427000,12190428.47611450000,4993828.016564710000,7196600.45954978000,17.6967946498086000
121.75,118,119.625,9040800,-1205440.00000000000,20195198.4194427000,16942525.08610930000,7132767.582712970000,9809757.50339637000,15.2088828133615000
119.815,116,118.75,5780300,2553028.96461337000,22748227.3840560000,21448021.40764710000,9075060.045322560000,12372961.36232460000,20.5407984266988000
120.315,118.5,119.25,4320800,-749890.90909090500,21998336.4749651000,21647254.09282130000,11345857.239245300000,10301396.85357600000,22.2942269086747000
119.375,116.53,117.94,3899100,-34262.74165202890,21964073.7333131000,22236879.19744480000,13249708.602162700000,8987170.59528203000,17.7535722175205000
118.19,116.25,116.44,3221400,-2590404.12371135000,19373669.6096018000,21112026.60596000000,15138078.719375700000,5973947.88658429000,11.7374023608213000
116.69,114.595,115.19,3455500,-1492710.02386635000,17880959.5857354000,19739567.64288340000,16416431.219295200000,3323136.42358820000,18.2938464359995000
115.345,110.875,111.875,4304200,-2378383.44519016000,15502576.1405453000,17585735.11196080000,17623432.677600300000,-37697.56563948470,17.2407845156843000
113,110.5,110.595,4703900,-4346403.60000000000,11156172.5405452000,14846569.42227530000,18145159.072709000000,-3298589.65043369000,7.7693868908409500
118.315,110.72,118.125,8316300,7900211.25740619000,19056383.7979514000,15238377.49301400000,19127623.610559900000,-3889246.11754590000,14.5327609524391000
116.87,112.62,116,10553900,6233009.17647057000,25289392.9744220000,18500649.77097290000,19516499.066057800000,-1015849.29508491000,21.9331153580908000
116.75,114.19,116,6384800,2643706.25000000000,27933099.2244220000,24092958.66559850000,20290289.146555700000,3802669.51904275000,26.4179362510950000
113.87,111.19,112,7163300,-2833245.52238806000,25099853.7020340000,26107448.63362600000,20525451.778353500000,5581996.85527246000,21.5853033577862000
114.62,109.44,113.75,7007800,4653828.57142856000,29753682.2734625000,27595545.06663950000,21300986.358203300000,6294558.70843622000,21.2612734823584000
115.31,111.56,112.94,5114100,-1350122.40000001000,28403559.8734625000,27752365.28298630000,21944934.972218200000,5807430.31076812000,23.5073314781385000
116,112.44,116,5263800,5263800.00000000000,33667359.8734625000,30608200.67346250000,23374303.998604300000,7233896.67485822000,24.6187676035696000
121.69,117.5,120.5,6666100,2879627.92362769000,36546987.7970902000,32872635.84800510000,25240906.819739800000,7631729.02826530000,28.3106128502948000
119.87,116.06,116.62,7398400,-5223542.25721784000,31323445.5398723000,33845931.07014170000,26822993.759672500000,7022937.31046921000,20.2103420200408000
120.87,116.56,117,5575000,-4436716.93735499000,26886728.6025174000,31585720.64649330000,28396049.365869700000,3189671.28062361000,17.9637732731400000
116.75,113.31,115.25,4852300,620643.02325581100,27507371.6257732000,28572515.25605430000,29241148.148651800000,-668632.89259756400,16.4361201563067000
116.5,112.56,114.31,4298100,-479990.86294416000,27027380.7628290000,27140493.66370650000,29414946.927492600000,-2274453.26378604000,13.7429973429257000
116,114,115.5,4900500,2450250.00000000000,29477630.7628290000,28004127.71714370000,29569400.081333200000,-1565272.36418952000,6.6085468083776100
118.31,114.75,115.87,4887700,-1812293.25842696000,27665337.5044020000,28056783.01002000000,29825948.461570100000,-1769165.45155004000,6.3270177982891000
121.5,118.87,120.69,6964800,2674695.05703420000,30340032.5614362000,29161000.27622240000,29884583.490367400000,-723583.21414500100,6.3661975562467100
122,119,120.19,4679200,-967034.66666667400,29372997.8947696000,29126122.65353600000,29981527.292498100000,-855404.63896219100,6.1655790390823200
121.44,119.75,120.75,9165000,1681153.84615386000,31054151.7409234000,30255727.39904310000,29720206.479244200000,535520.91979885100,7.2792776260712300
125.75,122.62,124.75,6469800,2335742.49201277000,33389894.2329362000,31272347.95620970000,29404497.122828800000,1867850.83338090000,10.9395350798126000
127.75,123,123.37,6792000,-5733877.89473683000,27656016.3381994000,30700020.77068630000,29037754.202661500000,1662266.56802480000,7.4357085009729000
124.19,121.75,122.94,4423800,-108781.96721311900,27547234.3709863000,29531048.31404060000,29103804.779508400000,427243.53453218200,9.1538252830896200
124.44,121.56,122.56,5231900,-1598636.11111111000,25948598.2598752000,27050616.32302030000,28947927.442918600000,-1897311.11989837000,11.1971709028253000
125.75,123.12,123.12,4565600,-4565600.00000000000,21382998.2598752000,24959610.29691220000,28383489.192623200000,-3423878.89571106000,1.8125993506622700
124.69,122.19,122.56,6235200,-4389580.79999998000,16993417.4598752000,21441671.32654180000,27135067.862327900000,-5693396.53578604000,-6.6881885037527000
125.31,122.75,124.62,5225900,2408813.28125001000,19402230.7411252000,19259548.82029180000,26308757.186000200000,-7049208.36570834000,-6.9424215950781500
132,124.37,129.25,8261400,2306262.38532110000,21708493.1264463000,19368047.10914890000,25445603.242501200000,-6077556.13335229000,-2.7354447029383000
131.31,128,131,5912500,4805022.65861026000,26513515.7850566000,22541413.21754270000,25159655.031529900000,-2618241.81398720000,-2.6367877180881300
132.25,129.5,132.25,3545600,3545600.00000000000,30059115.7850566000,26093708.23218650000,25060151.435943200000,1033556.79624327000,1.3646798584787400
133.88,130.81,131,5714500,-5007167.75244300000,25051948.0326135000,27208193.20090890000,24226356.815910900000,2981836.38499796000,-7.0754244771285000
133.5,130.63,132.81,6653900,3454463.76306622000,28506411.7956798000,27872491.87111660000,24311396.361659000000,3561095.50945765000,-6.6040010491810200
135.5,132.13,134,6094500,669129.08011870200,29175540.8757985000,27577966.90136390000,24474227.012140200000,3103739.88922375000,-1.7832452719269900
137.44,133.88,137.38,4799200,4637429.21348314000,33812970.0892816000,30498307.58691990000,25260664.195080800000,5237643.39183912000,5.7876198777374600
138.69,135.38,137.81,5050800,2365178.24773415000,36178148.3370158000,33055553.10069860000,26740179.202794900000,6315373.89790372000,7.2333688806489300
139.19,135.75,137.88,5648900,1346540.11627906000,37524688.4532948000,35838602.29319740000,28793306.302136800000,7045295.99106054000,8.6595230847570800
138.5,136.19,137.25,4726300,-388743.29004328500,37135945.1632515000,36946260.65118740000,30566677.744349500000,6379582.90683787000,6.3266495664320800
138.13,134.5,136.31,5585600,-15387.32782367750,37120557.8354279000,37260397.15065810000,32107884.215247600000,5152512.93541042000,7.7663243685446300
137.5,135.38,136.25,5124800,-918596.22641508100,36201961.6090128000,36819488.20256400000,33076728.797643300000,3742759.40492078000,4.8887541011793600
138.88,133.69,134.63,7630200,-4866273.98843931000,31335687.6205735000,34886069.02167140000,33204385.981195000000,1681683.04047641000,1.5975348052326400
132.13,126.06,128.25,14311600,-3984613.50906096000,27351074.1115125000,31629574.44703290000,33434298.589084800000,-1804724.14205194000,-2.8929389936337300
129.75,126.87,129,8793600,4213599.99999999000,31564674.1115125000,30083811.94786620000,33740124.820668100000,-3656312.87280196000,-1.4004841034865200
128.5,123.5,123.87,8874200,-7560818.39999998000,24003855.7115125000,27639867.97817920000,33222956.304239500000,-5583088.32606035000,-2.7582211514892100
125.44,122.62,124.81,6966600,3853863.82978725000,27857719.5412998000,27808749.78810830000,32627431.249441300000,-4818681.46133309000,0.2300694541450860
125.12,122.75,123,5525500,-4359782.70042194000,23497936.8408778000,25119837.36456340000,31359410.099827500000,-6239572.73526419000,-1.8119975237768500
126.5,123.56,126.25,6515500,5407421.76870748000,28905358.6095853000,26753671.66392100000,30497477.115456600000,-3743805.45153563000,5.4829177971345900
128.69,125.81,128.38,5291900,4152671.52777777000,33058030.1373631000,28487108.52927540000,30089685.612867800000,-1602577.08359235000,11.7902818121347000
126.62,124.62,125.37,5711700,-1427925.00000000000,31630105.1373631000,31197831.29477050000,29540640.343061300000,1657190.95170920000,8.9425052700754200
126.69,124.37,125.69,4327700,596924.13793102300,32227029.2752941000,32305054.85000670000,29143147.109689400000,3161907.74031734000,7.9202802820432400
126,121.81,122.25,4568000,-3608610.97852029000,28618418.2967738000,30825184.23647700000,28871420.177309400000,1953764.05916755000,1.6011660617076600
123.12,118.19,119.37,6859200,-3575688.43813386000,25042729.8586399000,28629392.47690260000,28640585.752022200000,-11193.27511957660,-3.7220669285490800
121.87,118.06,118.5,5757500,-4427683.72703413000,20615046.1316058000,24758731.42900650000,27545622.954031500000,-2786891.52502500000,-3.2910503266702800
124,117.56,123.19,7367000,5513810.55900621000,26128856.6906120000,23928877.56028590000,27758123.051941500000,-3829245.49165554000,-1.7542609328450800
127,121,123.5,6144100,-1024016.66666667000,25104840.0239454000,23949580.94872110000,27482835.100206000000,-3533254.15148496000,-3.0024368301297700
124.44,121.12,122.19,4052700,-1440417.46987953000,23664422.5540658000,24966039.75620770000,27499483.671524800000,-2533443.91531709000,-7.5267311624684800
122.5,118.94,119.31,5849700,-4633751.12359549000,19030671.4304703000,22599978.00282720000,26512014.953613300000,-3912036.95078616000,-12.6426204573287000
123.75,119.81,123.31,5544700,4306289.84771574000,23336961.2781861000,22010685.08757410000,25539908.067695600000,-3529222.98012156000,-10.4684764082937000
123.81,121,121.12,5032200,-4602403.55871885000,18734557.7194672000,20367396.80937450000,24250353.325906000000,-3882956.51653150000,-13.5469672127629000
124.5,122,123.37,4400600,422457.60000001600,19157015.3194672000,20409511.43904020000,22943351.930323400000,-2533840.49128318000,-13.3410144271109000
127.87,124.5,127.37,4894100,3441844.80712166000,22598860.1265889000,20163477.72184110000,22341396.113304900000,-2177918.39146375000,-10.1199773263193000
128.56,126.56,128.5,5140000,4831599.99999999000,27430460.1265889000,23062111.85754830000,22580169.140099800000,481942.71744857400,-2.9601180445898700
129.63,123.5,123.87,6610900,-5812846.81892332000,21617613.3076656000,23882311.18694780000,22680425.857705700000,1201885.32924204000,-4.6152948575329800
124.87,121.25,122.94,7585200,-502886.18784532200,21114727.1198203000,23387600.18469160000,22179012.900626600000,1208587.28406501000,-8.4945796923176400
124.37,121.06,121.75,5963100,-3476973.71601209000,17637753.4038082000,20123364.61043130000,21432304.238612800000,-1308939.62818152000,-5.3003193859058000
124.87,122.31,124.44,6045500,4014589.84374997000,21652343.2475581000,20134941.25706220000,21231096.307962100000,-1096155.05089990000,-5.2064291462994500
123.62,121,122,8443300,-1998032.82442749000,19654310.4231306000,19648135.69149900000,21293460.207228100000,-1645324.51572914000,-3.1478145931825500
124.06,120.87,122.37,6464700,-385044.82758620300,19269265.5955444000,20191973.08874440000,20886690.638963900000,-694717.55021954300,-7.8949553508705700
125.87,122.06,122.94,6248300,-3361946.19422574000,15907319.4013187000,18276965.13999790000,20603966.807149100000,-2327001.66715117000,-13.9425110568427000
125.19,122.75,124,4357200,107144.26229508600,16014463.6636138000,17063682.88682560000,20289711.641563800000,-3226028.75473811000,-12.8359308061597000
125.62,122.69,123.19,4774700,-3145109.55631400000,12869354.1072998000,14930379.05741080000,19316761.039634800000,-4386381.98222408000,-15.8536012455042000
126,122.87,124.56,6216900,496557.50798722100,13365911.6152870000,14083243.12873350000,17910306.188504600000,-3827063.05977112000,-12.3250985696240000
128.5,125.5,127.25,6266900,1044483.33333333000,14410394.9486203000,13548553.55706900000,17189584.352600100000,-3641030.79553108000,-8.6329939436320300
126.75,124.25,125.87,5584800,1653100.80000002000,16063495.7486204000,14613267.43750920000,16684461.215480100000,-2071193.77797090000,-3.7008506479449400
129.75,128,128.86,5284500,-90591.42857134620,15972904.3200490000,15482265.00576320000,16517976.307104200000,-1035711.30134098000,-8.4000065924670900
132.69,128.38,132,7554500,5135657.77262182000,21108562.0926708000,17714987.38711340000,16463598.191615500000,1251389.19549792000,-3.2672151962968500
133.94,130.69,130.75,7209500,-6943303.07692307000,14165259.0157478000,17082241.80948920000,15914693.050877200000,1167548.75861201000,-7.5707859393487200
136.5,131.63,134.75,8424800,2370015.60574949000,16535274.6214973000,17269698.57663860000,15641293.953472500000,1628404.62316614000,-1.9488223089232300
137.69,134.38,135,5094500,-3185986.40483382000,13349288.2166634000,14683273.95130280000,15385490.835007000000,-702216.88370414100,-7.8275630947650800
135.56,132,132.38,4443600,-3494966.29213484000,9854321.9245286000,13246294.92089640000,14769476.661098400000,-1523181.74020201000,-6.9918932370493100
133.56,131.94,133.31,4591100,3174093.82716050000,13028415.7516891000,12077341.96429370000,14785382.825537400000,-2708040.86124366000,-4.8181533904815800
135,131.94,131.94,5658400,-5658400.00000000000,7370015.7516890900,10084251.14263560000,14185793.239177600000,-4101542.09654199000,-11.9010305956279000
132.38,129.56,130,6094100,-4192395.03546100000,3177620.7162280900,7858684.07320209000,13062515.815938400000,-5203831.74273626000,-18.8128280013503000
131.44,123.75,125.37,14862200,-8600362.80884263000,-5422742.0926145400,1708298.12510088000,10913892.031814900000,-9205593.90671398000,-19.7133404489101000
130.88,126,130.13,7544700,5225632.37704918000,-197109.7155653600,-814077.03065060100,9296890.628253430000,-10110967.65890400000,-15.5416440310468000
129.63,126.25,127.12,6985600,-3389462.72189347000,-3586572.4374588300,-3068808.08187958000,6827377.175240460000,-9896185.25712004000,-15.3632693216110000
127.25,124.37,125.19,8093000,-3484486.11111114000,-7071058.5485699700,-3618246.90053139000,4703745.418808690000,-8321992.31934007000,-20.4878423451294000
127.81,121.44,122,7590000,-6255494.50549450000,-13326553.0540645000,-7994728.01336442000,1717562.651252510000,-9712290.66461694000,-23.6686642246492000
125,120.44,125,7451300,7451300.00000000000,-5875253.0540644700,-8757621.55223297000,-204891.475820277000,-8552730.07641269000,-17.9180582493119000
126.81,121.37,123,7078000,-2836404.41176472000,-8711657.4658291900,-9304487.85798604000,-2061489.414856050000,-7242998.44312999000,-17.4404396045828000
124.75,121.69,123.5,7105300,1300316.33986929000,-7411341.1259599000,-7332750.54861785000,-4105465.102620950000,-3227285.44599690000,-16.2782747842195000
122.81,120,120.06,8778800,-8403904.62633451000,-15815245.7522944000,-10646081.44802780000,-6423991.253019300000,-4222090.19500853000,-19.3929518192135000
122.25,119.62,121,6643900,328405.70342204200,-15486840.0488724000,-12904475.64237560000,-8290437.329529350000,-4614038.31284621000,-19.4504846410830000
121.06,115.5,117.75,10563900,-2013980.93525180000,-17500820.9841242000,-16267635.59509700000,-9498245.218680310000,-6769390.37641667000,-20.9066743097126000
120,116.75,119.87,7043100,6479652.00000002000,-11021168.9841242000,-14669610.00570690000,-10580651.145536200000,-4088958.86017071000,-17.5766247353866000
123.25,119.06,122,6438900,2597074.22434367000,-8424094.7597804800,-12315361.57600960000,-11064403.377768400000,-1250958.19824124000,-15.7147341692128000
122.75,119.06,119.19,8057700,-7489948.78048782000,-15914043.5402683000,-11786435.76139100000,-11948701.876938200000,162266.11554721400,-23.7701670298109000
119.19,115.06,116.37,14240000,-5206392.25181596000,-21120435.7920843000,-15152858.03071100000,-12728090.150740200000,-2424767.87997084000,-21.6765365451973000
115.06,111.06,113.5,17872300,3931905.99999998000,-17188529.7920843000,-18074336.37481230000,-13859417.824542100000,-4214918.55027013000,-19.5806340887448000
116.69,113.12,114.25,7831100,-2873596.91876752000,-20062126.7108518000,-19457030.76500680000,-14994464.749044400000,-4462566.01596236000,-19.0958380308945000
114.87,110,110,8277700,-8277700.00000000000,-28339826.7108518000,-21863494.40459600000,-17087313.307533600000,-4776181.09706236000,-21.3612492514757000
110.87,105,105.06,15017800,-14710792.16354340000,-43050618.8743952000,-30484190.76536630000,-19810850.619743700000,-10673340.14562260000,-29.6357272166586000
107.25,104.69,107,14183300,11413124.21875000000,-31637494.6556452000,-34342646.74696410000,-21425916.080421000000,-12916730.66654310000,-19.7253996569120000
108.87,103.87,107.87,13921100,8352660.00000000000,-23284834.6556452000,-32657649.39522860000,-22004317.447573100000,-10653331.94765550000,-12.8721149859997000
109,104.69,107,9683000,696457.07656613000,-22588377.5790791000,-25836902.29678980000,-23161038.307068600000,-2675863.98972128000,-8.5656649990716300
108.5,105.44,107.12,9187300,900715.68627454300,-21687661.8928045000,-22520291.37584290000,-24487395.020371000000,1967103.64452802000,-10.6366177202979000
113.06,107,107,11380500,-11380500.00000000000,-33068161.8928045000,-25781400.45489610000,-26202806.855624600000,421406.40072853500,-14.2810865515776000
93,89,91,69447300,0.00000000000,-33068161.8928045000,-29274661.89280450000,-27397579.465696600000,-1877082.42710792000,-9.7079353455026800
94.62,92.5,93.94,26673600,9562233.96226402000,-23505927.9305405000,-29880750.57204990000,-28029319.279542200000,-1851431.29250763000,-3.5483548379198300
95.12,92.12,93.87,13768400,2294733.33333333000,-21211194.5972072000,-25928428.14018410000,-28144226.068177800000,2215797.92799370000,-5.2306642870541700
96,94.62,95.5,11371600,3131310.14492751000,-18079884.4522797000,-20932335.66000910000,-27118231.842320600000,6185896.18231144000,-3.1491257039646500
95.56,92.81,93,9872200,-8508041.45454547000,-26587925.9068252000,-21959668.31877070000,-25471962.545563600000,3512294.22679289000,-6.3867980825753100
95.31,94.25,94.94,9450500,2852981.13207540000,-23734944.7747498000,-22800918.37795150000,-24681707.557474000000,1880789.17952249000,-2.6317832545946100
99,96.25,98.25,11083300,5037863.63636364000,-18697081.1383861000,-23006650.60665370000,-24222932.205748100000,1216281.59909444000,-1.0512813500693100
98.81,96.37,96.75,9552800,-6577337.70491807000,-25274418.8433042000,-22568814.91881340000,-24491536.332170600000,1922721.41335728000,-2.5541345373652700
96.81,93.69,94.81,11108400,-3133138.46153844000,-28407557.3048426000,-24126352.42884430000,-25163525.873374400000,1037173.44453013000,-5.6372660553502200
95.94,93.5,94.37,10374200,-2976204.91803274000,-31383762.2228754000,-28355246.12367410000,-24995085.906381500000,-3360160.21729254000,-7.3505254014898100
94.44,90,91.56,16701900,-4965429.72972971000,-36349191.9526051000,-32046837.16010770000,-25323188.912361600000,-6723648.24774612000,-6.3661235627530700
92.94,90.19,90.25,13741900,-13142253.45454540000,-49491445.4071505000,-39074799.86087700000,-27921740.660022600000,-11153059.20085440000,-8.8521035603304600
93.94,90.5,93.94,8523600,8523600.00000000000,-40967845.4071505000,-42269494.25563540000,-29897405.741016900000,-12372088.51461850000,-7.6423593056971400
95.5,92.12,93.62,9551900,-1073882.24852070000,-42041727.6556712000,-44167006.15665740000,-32293590.061356000000,-11873416.09530140000,-7.0251028757801200
97.06,94.12,97,8680500,8326193.87755101000,-33715533.7781202000,-38908368.94698060000,-33006350.848485600000,-5902018.09849508000,-1.7159701065512100
97.5,94.87,95,7151700,-6444687.83269964000,-40160221.6108198000,-38639161.01487040000,-34648878.532092600000,-3990282.48277786000,0.9464021242253440
96.25,93,95.87,9673100,7411082.76923080000,-32749138.8415890000,-35541631.41017640000,-36054084.302412900000,512452.89223649400,-0.3694412160978460
96.37,93.87,94.06,6264700,-5312465.60000001000,-38061604.4415890000,-36990321.63133260000,-37332802.862241300000,342481.23090869900,-5.0390972744541200
95,93,94.62,8541600,5295792.00000004000,-32765812.4415890000,-34525518.57492240000,-37768628.375916000000,3243109.80099361000,-3.4842177406136700
94.87,92.62,93.75,8358000,37146.66666663290,-32728665.7749224000,-34518694.21936680000,-37903118.731120700000,3384424.51175387000,-3.7906201948619900
98.25,93.56,98,18720800,16724979.10447760000,-16003686.6704448000,-27166054.96231870000,-35868568.202904600000,8702513.24058593000,5.7145979472893800
105.12,98.37,103.94,19683100,12801305.03703700000,-3202381.6334077700,-17311578.02625830000,-31239661.825530400000,13928083.79927210000,12.0016251939526000
108.44,104.44,107.87,13682500,9782987.50000005000,6580605.8665922800,-4208487.47908675000,-26484816.698156100000,22276329.21906930000,12.7562769245617000
109.87,106,106.06,10668100,-10337306.20155040000,-3756700.3349581000,-126158.70059119500,-22656313.966084800000,22530155.26549360000,7.4990394516537900
105,101.81,104.5,9710600,6666524.76489028000,2909824.4299321800,1911243.32052212000,-18993778.145279500000,20905021.46580170000,9.0827030231721900
106,104.12,105,3113100,-198708.51063830600,2711115.9192938800,621413.33808932100,-14706644.392268200000,15328057.73035750000,13.0603214130388000
104.94,103.37,104.19,5682000,253337.57961781100,2964453.4989116900,2861797.94937925000,-11135285.158218100000,13997083.10759740000,12.1048486105685000
104.5,102.12,103.06,5763600,-1210840.33613446000,1753613.1627772300,2476394.19366093000,-7153763.397781480000,9630157.59144241000,9.5009871404966400
104.44,102.25,103.42,5340000,365753.42465754800,2119366.5874347800,2279144.41637457000,-3665245.494879100000,5944389.91125366000,12.9806650502257000
106.31,103.37,105.27,6220800,1819689.79591834000,3939056.3833531200,2604012.04452171000,1526.720948452640,2602485.32357326000,15.6909893674272000
112.87,107.94,111.87,14680500,8724921.90669372000,12663978.2900468000,6240800.42027825000,2868293.216997610000,3372507.20328063000,20.9298661526615000
116.5,112.5,116,9933000,7449750.00000000000,20113728.2900468000,12238920.98781560000,5199904.209343070000,7039016.77847252000,27.7206925016370000
119.19,115.44,116.62,11329500,-4199467.99999996000,15914260.2900469000,16230655.62338020000,6133269.651688530000,10097385.97169170000,32.4960641444157000
121,115.5,118.28,8145300,88857.81818182160,16003118.1082287000,17343702.22944080000,8109251.496007210000,9234450.73343359000,28.3586618220215000
122.12,112.25,113.37,16644700,-12867179.43262410000,3135938.6756046000,11684439.02462670000,8131862.920574450000,3552576.10405227000,21.7213685896420000
111.94,107.56,109,12593800,-4312945.20547946000,-1177006.5298748600,5987350.08465282000,7743050.675657580000,-1755700.59100477000,15.3555688864563000
112.75,106.56,109.7,7138100,103784.97576737100,-1073221.5541074900,295236.86387408600,7339283.170355660000,-7044046.30648158000,18.4471055344678000
110.19,106.87,109.25,7442300,3227985.54216868000,2154763.9880611900,-31821.36530705060,7379398.252884060000,-7411219.61819111000,16.6481694687873000
107.94,104.5,107,9442300,4281973.25581396000,6436737.2438751500,2506093.22594295000,7811135.318528100000,-5305042.09258515000,20.9075638329194000
109.69,105.75,109.19,7123600,5315579.69543147000,11752316.9393066000,6781272.72374766000,8592461.374123450000,-1811188.65037579000,21.0571539298622000
111.06,108.62,110,7680600,1007291.80327867000,12759608.7425853000,10316220.97525570000,8602024.419377290000,1714196.55587840000,21.5851957226132000
110.44,107.75,109.2,4839800,377828.25278811900,13137436.9953734000,12549787.55908840000,7904395.289909950000,4645392.26917849000,14.8031714677679000
110.12,108.06,110.12,4775500,4775500.00000000000,17912936.9953734000,14603327.57777740000,8104262.960442610000,6499064.61733477000,11.6050307468389000
110.31,108,108,4008800,-4008800.00000000000,13904136.9953734000,14984836.99537340000,7894364.849157080000,7090472.14621634000,4.2510454902488600
110.44,108.19,108.62,4533600,-2800757.33333331000,11103379.6620401000,14306817.88426230000,8691108.947800630000,5615708.93646168000,8.9442312709336300
110,108.12,109.75,3741100,2746126.59574468000,13849506.2577848000,12952340.97173280000,10193760.226566600000,2758580.74516618000,6.8299589365510900
110.75,109.06,109.81,4084800,-459237.86982248000,13390268.3879623000,12781051.43592910000,11640109.220773600000,1140942.21515549000,6.6270989611560500
110.5,108.75,109,2685200,-1918000.00000000000,11472268.3879623000,12904014.34456980000,12571859.660763700000,332154.68380611600,5.3796912168690100
110.5,108.56,108.75,3438000,-2764577.31958764000,8707691.0683746700,11190075.94809980000,12798955.043213600000,-1608879.09511387000,4.4628545042285200
109.5,106.62,107.87,2870500,-378746.52777777400,8328944.5405968900,9502967.99897796000,12456617.803342700000,-2953649.80436470000,4.0492370830744200
,,,,,,,,,
,,,,,,,,,
,,,,,,,,,
,,,,,,,,,
,,,,,,,,,
,,,,,,,,,
,,,,,,,,,
,,,,,,,,,
,,,,,,,,,
,,,,,,,,,
,,,,,,,,,
,,,,,,,,,
,,,,,,,,,
,,,,,,,,,
,,,,,,,,,
,,,,,,,,,
,,,,,,,,,
,,,,,,,,,
,,,,,,,,,
,,,,,,,,,
,,,,,,,,,
,,,,,,,,,
,,,,,,,,,
,,,,,,,,,
,,,,,,,,,
,,,,,,,,,
,,,,,,,,,
,,,,,,,,,
,,,,,,,,,
,,,,,,,,,
,,,,,,,,,
,,,,,,,,,
,,,,,,,,,
,,,,,,,,,
,,,,,,,,,
,,,,,,,,,
,,,,,,,,,
,,,,,,,,,
,,,,,,,,,
,,,,,,,,,
,,,,,,,,,
,,,,,,,,,
,,,,,,,,,
,,,,,,,,,
,,,,,,,,,
,,,,,,,,,
,,,,,,,,,
,,,,,,,,,
,,,,,,,,,
,,,,,,,,,
,,,,,,,,,
,,,,,,,,,
,,,,,,,,,
,,,,,,,,,
,,,,,,,,,
,,,,,,,,,
,,,,,,,,,
,,,,,,,,,
,,,,,,,,,
,,,,,,,,,
,,,,,,,,,
,,,,,,,,,
,,,,,,,,,
,,,,,,,,,
,,,,,,,,,
,,,,,,,,,
,,,,,,,,,
,,,,,,,,,
,,,,,,,,,
,,,,,,,,,
,,,,,,,,,
,,,,,,,,,
,,,,,,,,,
,,,,,,,,,
,,,,,,,,,
,,,,,,,,,
,,,,,,,,,
,,,,,,,,,
,,,,,,,,,
,,,,,,,,,
,,,,,,,,,
,,,,,,,,,
,,,,,,,,,
,,,,,,,,,
,,,,,,,,,
,,,,,,,,,
,,,,,,,,,
,,,,,,,,,
,,,,,,,,,
,,,,,,,,,
,,,,,,,,,
,,,,,,,,,
,,,,,,,,,
,,,,,,,,,
,,,,,,,,,
,,,,,,,,,
,,,,,,,,,
,,,,,,,,,
,,,,,,,,,
,,,,,,,,,
,,,,,,,,,
,,,,,,,,,
,,,,,,,,,
,,,,,,,,,
,,,,,,,,,
,,,,,,,,,
,,,,,,,,,
,,,,,,,,,
,,,,,,,,,
,,,,,,,,,
,,,,,,,,,
,,,,,,,,,
,,,,,,,,,
,,,,,,,,,
,,,,,,,,,
,,,,,,,,,
,,,,,,,,,
,,,,,,,,,
,,,,,,,,,
,,,,,,,,,
,,,,,,,,,
,,,,,,,,,
,,,,,,,,,
,,,,,,,,,
,,,,,,,,,
,,,,,,,,,
,,,,,,,,,
,,,,,,,,,
,,,,,,,,,
,,,,,,,,,
,,,,,,,,,
,,,,,,,,,
,,,,,,,,,
,,,,,,,,,
,,,,,,,,,
,,,,,,,,,
,,,,,,,,,
,,,,,,,,,
,,,,,,,,,
,,,,,,,,,
,,,,,,,,,
,,,,,,,,,
,,,,,,,,,
,,,,,,,,,
,,,,,,,,,
,,,,,,,,,
,,,,,,,,,
,,,,,,,,,
,,,,,,,,,
,,,,,,,,,
,,,,,,,,,
,,,,,,,,,
,,,,,,,,,
,,,,,,,,,
,,,,,,,,,
,,,,,,,,,
,,,,,,,,,
,,,,,,,,,
,,,,,,,,,
,,,,,,,,,
,,,,,,,,,
,,,,,,,,,
,,,,,,,,,
,,,,,,,,,
,,,,,,,,,
,,,,,,,,,
,,,,,,,,,
,,,,,,,,,
,,,,,,,,,
,,,,,,,,,
,,,,,,,,,
,,,,,,,,,
,,,,,,,,,
,,,,,,,,,
,,,,,,,,,
,,,,,,,,,
,,,,,,,,,
,,,,,,,,,
,,,,,,,,,
,,,,,,,,,
,,,,,,,,,
,,,,,,,,,
,,,,,,,,,
,,,,,,,,,
,,,,,,,,,
,,,,,,,,,
,,,,,,,,,
,,,,,,,,,
,,,,,,,,,
,,,,,,,,,
,,,,,,,,,
,,,,,,,,,
,,,,,,,,,
,,,,,,,,,
,,,,,,,,,
,,,,,,,,,
,,,,,,,,,
,,,,,,,,,
,,,,,,,,,
,,,,,,,,,
,,,,,,,,,
,,,,,,,,,
,,,,,,,,,
,,,,,,,,,
,,,,,,,,,
,,,,,,,,,
,,,,,,,,,
,,,,,,,,,
,,,,,,,,,
,,,,,,,,,
,,,,,,,,,
,,,,,,,,,
,,,,,,,,,
,,,,,,,,,
,,,,,,,,,
,,,,,,,,,
,,,,,,,,,
,,,,,,,,,
,,,,,,,,,
,,,,,,,,,
,,,,,,,,,
,,,,,,,,,
,,,,,,,,,
,,,,,,,,,
,,,,,,,,,
,,,,,,,,,
,,,,,,,,,
,,,,,,,,,
,,,,,,,,,
,,,,,,,,,
,,,,,,,,,
,,,,,,,,,
,,,,,,,,,
,,,,,,,,,
,,,,,,,,,
,,,,,,,,,
,,,,,,,,,
,,,,,,,,,
,,,,,,,,,
,,,,,,,,,
,,,,,,,,,
,,,,,,,,,
,,,,,,,,,
,,,,,,,,,
,,,,,,,,,
,,,,,,,,,
,,,,,,,,,
,,,,,,,,,
,,,,,,,,,
,,,,,,,,,
,,,,,,,,,
,,,,,,,,,
,,,,,,,,,
,,,,,,,,,
,,,,,,,,,
,,,,,,,,,
,,,,,,,,,
,,,,,,,,,
,,,,,,,,,
,,,,,,,,,
,,,,,,,,,
,,,,,,,,,
,,,,,,,,,
,,,,,,,,,
,,,,,,,,,
,,,,,,,,,
,,,,,,,,,
,,,,,,,,,
,,,,,,,,,
,,,,,,,,,
,,,,,,,,,
,,,,,,,,,
,,,,,,,,,
,,,,,,,,,
,,,,,,,,,
,,,,,,,,,
,,,,,,,,,
,,,,,,,,,
,,,,,,,,,
,,,,,,,,,
,,,,,,,,,
,,,,,,,,,
,,,,,,,,,
,,,,,,,,,
,,,,,,,,,
,,,,,,,,,
,,,,,,,,,
,,,,,,,,,
,,,,,,,,,
,,,,,,,,,
,,,,,,,,,
,,,,,,,,,
,,,,,,,,,
,,,,,,,,,
,,,,,,,,,
,,,,,,,,,
,,,,,,,,,
,,,,,,,,,
,,,,,,,,,
,,,,,,,,,
,,,,,,,,,
,,,,,,,,,
,,,,,,,,,
,,,,,,,,,
,,,,,,,,,
,,,,,,,,,
,,,,,,,,,
,,,,,,,,,
,,,,,,,,,
,,,,,,,,,
,,,,,,,,,
,,,,,,,,,
,,,,,,,,,
,,,,,,,,,
,,,,,,,,,
,,,,,,,,,
,,,,,,,,,
,,,,,,,,,
,,,,,,,,,
,,,,,,,,,
,,,,,,,,,
,,,,,,,,,
,,,,,,,,,
,,,,,,,,,
,,,,,,,,,
,,,,,,,,,
,,,,,,,,,
,,,,,,,,,
,,,,,,,,,
,,,,,,,,,
,,,,,,,,,
,,,,,,,,,
,,,,,,,,,
,,,,,,,,,
,,,,,,,,,
,,,,,,,,,
,,,,,,,,,
,,,,,,,,,
,,,,,,,,,
,,,,,,,,,
,,,,,,,,,
,,,,,,,,,
,,,,,,,,,
,,,,,,,,,
,,,,,,,,,
,,,,,,,,,
,,,,,,,,,
,,,,,,,,,
,,,,,,,,,
,,,,,,,,,
,,,,,,,,,
,,,,,,,,,
,,,,,,,,,
,,,,,,,,,
,,,,,,,,,
,,,,,,,,,
,,,,,,,,,
,,,,,,,,,
,,,,,,,,,
,,,,,,,,,
,,,,,,,,,
,,,,,,,,,
,,,,,,,,,
,,,,,,,,,
,,,,,,,,,
,,,,,,,,,
,,,,,,,,,
,,,,,,,,,
,,,,,,,,,
,,,,,,,,,
,,,,,,,,,
,,,,,,,,,
,,,,,,,,,
,,,,,,,,,
,,,,,,,,,
,,,,,,,,,
,,,,,,,,,
,,,,,,,,,
,,,,,,,,,
,,,,,,,,,
,,,,,,,,,
,,,,,,,,,
,,,,,,,,,
,,,,,,,,,
,,,,,,,,,
,,,,,,,,,
,,,,,,,,,
,,,,,,,,,
,,,,,,,,,
,,,,,,,,,
,,,,,,,,,
,,,,,,,,,
,,,,,,,,,
,,,,,,,,,
,,,,,,,,,
,,,,,,,,,
,,,,,,,,,
,,,,,,,,,
,,,,,,,,,
,,,,,,,,,
,,,,,,,,,
,,,,,,,,,
,,,,,,,,,
,,,,,,,,,
,,,,,,,,,
,,,,,,,,,
,,,,,,,,,
,,,,,,,,,
,,,,,,,,,
,,,,,,,,,
,,,,,,,,,
,,,,,,,,,
,,,,,,,,,
,,,,,,,,,
,,,,,,,,,
,,,,,,,,,
,,,,,,,,,
,,,,,,,,,
,,,,,,,,,
,,,,,,,,,
,,,,,,,,,
,,,,,,,,,
,,,,,,,,,
,,,,,,,,,
,,,,,,,,,
,,,,,,,,,
,,,,,,,,,
,,,,,,,,,
,,,,,,,,,
,,,,,,,,,
,,,,,,,,,
,,,,,,,,,
,,,,,,,,,
,,,,,,,,,
,,,,,,,,,
,,,,,,,,,
,,,,,,,,,
,,,,,,,,,
,,,,,,,,,
,,,,,,,,,
,,,,,,,,,
,,,,,,,,,
,,,,,,,,,
,,,,,,,,,
,,,,,,,,,
,,,,,,,,,
,,,,,,,,,
,,,,,,,,,
,,,,,,,,,
,,,,,,,,,
,,,,,,,,,
,,,,,,,,,
,,,,,,,,,
,,,,,,,,,
,,,,,,,,,
,,,,,,,,,
,,,,,,,,,
,,,,,,,,,
,,,,,,,,,
,,,,,,,,,
,,,,,,,,,
,,,,,,,,,
,,,,,,,,,
,,,,,,,,,
,,,,,,,,,
,,,,,,,,,
,,,,,,,,,
,,,,,,,,,
,,,,,,,,,
,,,,,,,,,
,,,,,,,,,
,,,,,,,,,
,,,,,,,,,
,,,,,,,,,
,,,,,,,,,
,,,,,,,,,
,,,,,,,,,
,,,,,,,,,
,,,,,,,,,
,,,,,,,,,
,,,,,,,,,
,,,,,,,,,
,,,,,,,,,
,,,,,,,,,
,,,,,,,,,
,,,,,,,,,
,,,,,,,,,
,,,,,,,,,
,,,,,,,,,
,,,,,,,,,
,,,,,,,,,
,,,,,,,,,
,,,,,,,,,
,,,,,,,,,
,,,,,,,,,
,,,,,,,,,
,,,,,,,,,
,,,,,,,,,
,,,,,,,,,
,,,,,,,,,
,,,,,,,,,
,,,,,,,,,
,,,,,,,,,
,,,,,,,,,
,,,,,,,,,
,,,,,,,,,
,,,,,,,,,
,,,,,,,,,
,,,,,,,,,
,,,,,,,,,
,,,,,,,,,
,,,,,,,,,
,,,,,,,,,
,,,,,,,,,
,,,,,,,,,
,,,,,,,,,
,,,,,,,,,
,,,,,,,,,
,,,,,,,,,
,,,,,,,,,
,,,,,,,,,
,,,,,,,,,
,,,,,,,,,
,,,,,,,,,
,,,,,,,,,
,,,,,,,,,
,,,,,,,,,
,,,,,,,,,
,,,,,,,,,
,,,,,,,,,
,,,,,,,,,
,,,,,,,,,
,,,,,,,,,
,,,,,,,,,
,,,,,,,,,
,,,,,,,,,
,,,,,,,,,
,,,,,,,,,
,,,,,,,,,
,,,,,,,,,
,,,,,,,,,
,,,,,,,,,
,,,,,,,,,
,,,,,,,,,
,,,,,,,,,
,,,,,,,,,
,,,,,,,,,
,,,,,,,,,
,,,,,,,,,
,,,,,,,,,
,,,,,,,,,
,,,,,,,,,
,,,,,,,,,
,,,,,,,,,
,,,,,,,,,
,,,,,,,,,
,,,,,,,,,
,,,,,,,,,
,,,,,,,,,
,,,,,,,,,
,,,,,,,,,
,,,,,,,,,
,,,,,,,,,
,,,,,,,,,
,,,,,,,,,
,,,,,,,,,
,,,,,,,,,
,,,,,,,,,
,,,,,,,,,
,,,,,,,,,
,,,,,,,,,
,,,,,,,,,
,,,,,,,,,
,,,,,,,,,
,,,,,,,,,
,,,,,,,,,
,,,,,,,,,
,,,,,,,,,
,,,,,,,,,
,,,,,,,,,
,,,,,,,,,
,,,,,,,,,
,,,,,,,,,
,,,,,,,,,
,,,,,,,,,
,,,,,,,,,
,,,,,,,,,
,,,,,,,,,
,,,,,,,,,
,,,,,,,,,
,,,,,,,,,
,,,,,,,,,
,,,,,,,,,
,,,,,,,,,
,,,,,,,,,
,,,,,,,,,
,,,,,,,,,
,,,,,,,,,
,,,,,,,,,
,,,,,,,,,
,,,,,,,,,
,,,,,,,,,
,,,,,,,,,
,,,,,,,,,
,,,,,,,,,
,,,,,,,,,
,,,,,,,,,
,,,,,,,,,
,,,,,,,,,
,,,,,,,,,
,,,,,,,,,
,,,,,,,,,
,,,,,,,,,
,,,,,,,,,
,,,,,,,,,
,,,,,,,,,
,,,,,,,,,
,,,,,,,,,
,,,,,,,,,
,,,,,,,,,
,,,,,,,,,
,,,,,,,,,
,,,,,,,,,
,,,,,,,,,
,,,,,,,,,
,,,,,,,,,
,,,,,,,,,
,,,,,,,,,
,,,,,,,,,
,,,,,,,,,
,,,,,,,,,
,,,,,,,,,
,,,,,,,,,
,,,,,,,,,
,,,,,,,,,
,,,,,,,,,
,,,,,,,,,
,,,,,,,,,
,,,,,,,,,
,,,,,,,,,
,,,,,,,,,
,,,,,,,,,
,,,,,,,,,
,,,,,,,,,
,,,,,,,,,
,,,,,,,,,
,,,,,,,,,
,,,,,,,,,
,,,,,,,,,
,,,,,,,,,
,,,,,,,,,
,,,,,,,,,
,,,,,,,,,
,,,,,,,,,
,,,,,,,,,
,,,,,,,,,
,,,,,,,,,
,,,,,,,,,
,,,,,,,,,
,,,,,,,,,
,,,,,,,,,
,,,,,,,,,
,,,,,,,,,
,,,,,,,,,
,,,,,,,,,
,,,,,,,,,
,,,,,,,,,
,,,,,,,,,
,,,,,,,,,
,,,,,,,,,
,,,,,,,,,
,,,,,,,,,
,,,,,,,,,
,,,,,,,,,
,,,,,,,,,
,,,,,,,,,
,,,,,,,,,
,,,,,,,,,
,,,,,,,,,
,,,,,,,,,
,,,,,,,,,
,,,,,,,,,
,,,,,,,,,
,,,,,,,,,
,,,,,,,,,
,,,,,,,,,
,,,,,,,,,
,,,,,,,,,
,,,,,,,,,
,,,,,,,,,
,,,,,,,,,
,,,,,,,,,
,,,,,,,,,
,,,,,,,,,
,,,,,,,,,
,,,,,,,,,
,,,,,,,,,
,,,,,,,,,
,,,,,,,,,
,,,,,,,,,
,,,,,,,,,
,,,,,,,,,
,,,,,,,,,
,,,,,,,,,
,,,,,,,,,
,,,,,,,,,
,,,,,,,,,
,,,,,,,,,
,,,,,,,,,
,,,,,,,,,
,,,,,,,,,
,,,,,,,,,
,,,,,,,,,
,,,,,,,,,
,,,,,,,,,
,,,,,,,,,
,,,,,,,,,
,,,,,,,,,
,,,,,,,,,
,,,,,,,,,
,,,,,,,,,
,,,,,,,,,
,,,,,,,,,
,,,,,,,,,
,,,,,,,,,
,,,,,,,,,
,,,,,,,,,
,,,,,,,,,
,,,,,,,,,
,,,,,,,,,
,,,,,,,,,
,,,,,,,,,
,,,,,,,,,
,,,,,,,,,
,,,,,,,,,
,,,,,,,,,
,,,,,,,,,
,,,,,,,,,
,,,,,,,,,
,,,,,,,,,
,,,,,,,,,
,,,,,,,,,
,,,,,,,,,
,,,,,,,,,
,,,,,,,,,
,,,,,,,,,
,,,,,,,,,
,,,,,,,,,
,,,,,,,,,
,,,,,,,,,
,,,,,,,,,
,,,,,,,,,
