93.25,90.75,91.5,4077500,-1631000.0000000000,-1631000.0000000000,-1631000.0000000000,-1631000.0000000000,0.00000000000
94.94,91.405,94.815,4955900,4605412.0226308300,2974412.0226308300,671706.0113154170,-793652.3595216670,1465358.37083708000
96.375,94.25,94.375,4775300,-4213500.0000000000,-1239087.9773691700,-283690.9830268740,-874640.6536757570,590949.67064888300
96.19,93.5,95.095,4155300,772360.5947955400,-466727.3825736260,-375209.1828002500,-800474.6043844610,425265.42158421000
96,92.815,93.78,4593100,-1809840.0313971700,-2276567.4139707900,-1325888.2983855200,-1068855.1152183400,-257033.18316718200
94.72,93.5,94.625,3631300,3065769.6721311500,789202.2581603610,-268343.0201125800,-731026.5018767570,462683.48176417700
95,92,92.53,3382800,-2187544.0000000000,-1398341.7418396400,-833342.3809761080,-852356.5455063720,19014.16453026330
93.72,89.75,92.75,4954200,2533255.9193954700,1134914.1775558300,150785.8982898620,-491034.5958586980,641820.49414856000
92.47,89.44,90.315,4500000,-1900990.0990099000,-766075.9214540700,-307645.0115821040,-541042.1096033110,233397.09802120700
92.75,90.625,92.47,3397500,2502158.8235294100,1736082.9020753400,714218.9452466170,-127019.3802071930,841238.32545381000
96.25,92.75,96.125,4204500,3904178.5714285700,5640261.4735039100,3177240.2093752600,921577.1386493710,2255663.07072589000
99.625,96.315,97.25,6321400,-2750095.4682779400,2890166.0052259700,3033703.1073006200,1279502.3871178400,1754200.72018277000
99.125,96.03,98.5,10203600,6082598.3844911100,8972764.3897170800,6003233.7485088500,2678277.2966813400,3324956.45182751000
92.75,88.815,89.875,19043900,-8783908.1321473800,188856.2575697040,3096045.0030392800,2225655.2895701300,870389.71346914300
91.315,86.75,91,11692000,10078427.1631983000,10267283.4207680000,6681664.2119036200,3687769.4952424700,2993894.71666115000
93.25,90.94,92.815,9553300,5955303.8961038800,16222587.3168718000,11452125.7643877000,5966827.2809932600,5485298.48339447000
93.405,88.905,89.155,8920300,-7929155.5555555600,8293431.7613162900,9872778.7628520100,6389846.2774156300,3482932.48543638000
90.655,88.78,89.345,5970900,-2372437.6000000100,5920994.1613162700,7896886.4620841400,6304600.4381248400,1592286.02395930000
91.97,89.25,91.625,5062300,3778113.6029411800,9699107.7642574600,8797997.1131708000,6921783.5883307700,1876213.52484003000
92.25,89.75,89.875,3705600,-3335040.0000000000,6364067.7642574600,7581032.4387141300,6820380.7112265300,760651.72748759800
90.345,87.5,88.375,5865600,-2257585.9402460400,4106481.8240114100,5843757.1313627700,6326944.5499146900,-483187.41855192100
88.5,86.53,87.625,5603000,625715.7360406060,4732197.5600520200,5287977.3457073900,6036990.5517578400,-749013.20605044600
88.25,84.625,84.78,5811900,-5314882.3448275800,-582684.7847755650,2352646.2804659100,4833413.2178426700,-2480766.93737676000
85.5,82.28,83,8483800,-4689802.4844720500,-5272487.2692476200,-1459920.4943908500,2995976.7656444400,-4455897.26003529000
84.44,81.565,83.5,5995200,2074860.5217391400,-3197626.7475084800,-2328773.6209496700,1869867.0359802700,-4198640.65692994000
84.75,80.875,81.375,5408800,-4012980.6451612900,-7210607.3926697700,-4769690.5068097200,218871.6853166280,-4988562.19212635000
84.44,81.25,84.44,5430500,5430500.0000000000,-1780107.3926697700,-3274898.9497397400,-144579.0561354450,-3130319.89360430000
89.405,84.065,89.25,6283800,5919010.1123595500,4138902.7196897800,432001.8849750160,634235.8121964140,-202233.92722139800
88.125,85.595,86.375,5834800,-2237057.7075098800,1901845.0121799000,1166923.4485774600,864710.2121934110,302213.23638404600
89.125,85.97,86.25,4515500,-3714016.6402535600,-1812171.6280736600,-322624.0897481030,378004.4230539430,-700628.51280204600
87.155,84.405,85.25,4493300,-1731962.9090909100,-3544134.5371645800,-1933379.3134563400,-335111.7515312420,-1598267.56192510000
87.25,85.095,87.125,4346100,3841912.0649652000,297777.5278006210,-817800.8928278590,-220040.9734709040,-597759.91935695600
87.375,85.5,85.815,3700300,-2456999.2000000100,-2159221.6721993900,-1488511.2825136200,-572619.2823306280,-915892.00018299500
88.97,85.53,88.97,4600200,4600200.0000000000,2440978.3278006100,476233.5226434950,-24692.4441249478,500925.96676844200
90,87.875,88.47,4557200,-2005168.0000000000,435810.3278006080,456021.9252220510,59035.3325887895,396986.59263326200
89.845,86.565,86.875,4323600,-3506334.1463414600,-3070523.8185408500,-1307250.9466594000,-509975.4221620540,-797275.52449734600
86.97,84.655,86.815,5237500,4536150.1079913500,1465626.2894505000,79187.6713955520,-150775.1109597710,229962.78235532300
85.94,83.25,84.875,7404100,1541373.9776951700,3007000.2671456800,1543093.9692706200,423365.8668775840,1119728.10239303000
84.75,82.565,84.19,4798400,2338808.2379862600,5345808.5051319400,3444451.2372012800,1318355.4374692800,2126095.79973199000
85.47,83.44,83.875,4372800,-2498742.8571428500,2847065.6479890900,3145758.4425951900,1596302.7484728900,1549455.69412230000
84.47,82.53,83.375,3872300,-499007.7319587630,2348057.9160303300,2746908.1793127600,1732985.5062106000,1013922.67310215000
88.5,85.065,85.5,10750800,-8027889.9563318700,-5679832.0403015400,-1466461.9304943900,385200.4977538500,-1851662.42824824000
89.47,86.875,89.19,5804800,4552126.3969171400,-1127705.6433843900,-1297083.7869393900,110126.6539105330,-1407210.44084993000
90,88.53,89.44,3785500,901309.5238095100,-226396.1195748840,-761739.9532571380,48940.6950950027,-810680.64835214100
92.44,89.28,91.095,5014800,745872.1518987330,519476.0323238490,-121131.9604666450,134492.5745911570,-255624.53505780100
91.44,90.125,90.75,3507700,-173384.4106463820,346091.6216774670,112479.8306054110,172965.1286068490,-60485.29800143820
92.97,90.75,91.44,4298800,-1626572.9729729800,-1280481.3512955100,-584000.7603450510,-91297.8677390349,-492702.89260601600
91.72,89,89,4842500,-4842500.0000000000,-6122981.3512955100,-3353491.0558202800,-1187967.5920220300,-2165523.46379825000
91.155,88.565,91,3952200,3479156.7567567500,-2643824.5945387600,-2998657.8251795200,-1452668.8652068900,-1545988.95997263000
91.75,90.095,90.5,3304700,-1687293.9577039200,-4331118.5522426800,-3664888.1887111000,-1976023.3537588500,-1688864.83495225000
90,89,89.03,3462000,-3254279.9999999900,-7585398.5522426800,-5625143.3704768900,-2995909.7534831800,-2629233.61699370000
88.875,86.47,88.815,7253900,6891959.0436590300,-693439.5085836460,-3159291.4395302700,-2577278.7998650900,-582012.63966518100
89,84,84.28,9753100,-8660752.8000000000,-9354192.3085836400,-6256741.8740569500,-3809444.8923593700,-2447296.98169759000
85.25,83.315,83.5,5953000,-4814700.2583979200,-14168892.5669816000,-10212817.2205193000,-5692980.8331997700,-4519836.38731949000
83.815,82,82.69,5011700,-1201151.2396694300,-15370043.8066510000,-12791430.5135851000,-7452446.8283727200,-5338983.68521241000
85.25,83.25,84.75,5910800,2955400.0000000000,-12414643.8066510000,-12603037.1601181000,-8354664.4607869500,-4248372.69933111000
86.625,84.75,85.655,4916900,-170452.5333333270,-12585096.3399843000,-12594066.7500512000,-9123833.8933682900,-3470232.85668290000
87.94,85.28,86.19,4135000,-1305789.4736842200,-13890885.8136685000,-13242476.2818599000,-9990570.6061501500,-3251905.67570971000
89.375,87.19,88.94,4054200,2439941.8764302000,-11450943.9372383000,-12346710.1095491000,-10256093.0299844000,-2090617.07956474000
90.625,88.44,89.28,3735300,-863307.3226544540,-12314251.2598928000,-12330480.6847209000,-10630303.6172404000,-1700177.06748050000
90.75,88.25,88.625,2921900,-2045330.0000000000,-14359581.2598928000,-13345030.9723069000,-11308354.0977227000,-2036676.87458418000
88.845,87.345,88.5,2658400,1435536.0000000000,-12924045.2598928000,-13134538.1160998000,-11602116.1272082000,-1532421.98889167000
91.97,89.28,91.97,4624400,4624400.0000000000,-8299645.2598927900,-10717091.6879963000,-11001666.8786054000,284575.19060905500
93.375,91.095,91.5,4372200,-2818918.4210526300,-11118563.6809454000,-10917827.6844709000,-11022920.8426672000,105093.15819633000
93.815,89.53,93.25,5831600,4293745.1575262600,-6824818.5234191600,-8871323.1039450100,-10259629.5118948000,1388306.40794981000
94.03,91.155,93.5,4268600,2694785.7391304300,-4130032.7842887200,-6500677.9441168700,-9145157.3796028000,2644479.43548594000
94.03,92,93.155,3059200,421958.6206896570,-3708074.1635990700,-5104376.0538579700,-8156596.7948748500,3052220.74101688000
91.815,90.53,91.72,4495500,3830795.7198443600,122721.5562452970,-2490827.2488063400,-6651266.1855802800,4160438.93677394000
92,89.97,90,3425000,-3323768.4729064000,-3201046.9166611000,-2845937.0827337200,-6023953.5912313400,3178016.50849762000
91.94,88.815,89.69,3630800,-1597552.0000000000,-4798598.9166611000,-3822267.9996974100,-5801161.8322185700,1978893.83252116000
89.75,86.75,88.875,4168100,1736708.3333333300,-3061890.5833277700,-3442079.2915125900,-5303112.5142384200,1861033.22272583000
88.75,85.065,85.19,5966900,-5562089.9592944400,-8623980.5426222100,-6033029.9170674000,-5906906.7012172900,-126123.21585010800
86.155,82.03,83.375,7692800,-2676161.9393939400,-11300142.4820162000,-8666586.1995417800,-6887495.0249989000,-1779091.17454287000
84.875,81.5,84.875,7362500,7362500.0000000000,-3937642.4820161500,-6302114.3407789600,-6351158.1990020400,49043.85822307500
85.94,82.565,85.94,6581300,6581300.0000000000,2643657.5179838500,-1829228.4113975600,-4715737.1595500600,2886508.74815250000
99.375,96.345,97.25,19587700,-7886796.6996699600,-5243139.1816861100,-3536183.7965418300,-4811628.4363020700,1275444.63976023000
103.28,96.47,99.875,10378600,0.0000000000,-5243139.1816861100,-4389661.4891139700,-4890084.9354628000,500423.44634883100
105.375,101.155,104.94,9334700,7410247.6303317400,2167108.4486456300,-1111276.5202341700,-3606958.8656249100,2495682.34539074000
107.625,104.25,106,10467200,387674.0740740740,2554782.5227197100,721753.0012427690,-2486642.2495622500,3208395.25080502000
105.25,101.75,102.5,5671400,-3240800.0000000000,-686017.4772802920,17867.7619812386,-2159255.9273291600,2177123.68931040000
104.5,101.72,102.405,5645000,-2863111.5107913600,-3549128.9880716500,-1765630.6130452100,-2411960.1201914300,646329.50714622800
105.5,101.72,104.595,4518600,2354931.7460317400,-1194197.2420399100,-1479913.9275425600,-2190548.6878002500,710634.76025769100
106.125,103.155,106.125,4519500,4519500.0000000000,3325302.7579600900,922694.4152087680,-1187666.6067529100,2110361.02196168000
107.94,105.69,106,5569700,-4034938.2222222100,-709635.4642621180,106529.4754733250,-1100751.8535727700,1207281.32904609000
106.25,103.655,106.065,4239700,3635195.5684007600,2925560.1041386400,1516044.7898059900,-368695.1339888750,1884739.92379486000
107,104,104.625,4175300,-2435591.6666666700,489968.4374719780,1003006.6136389800,-212574.4846323560,1215581.09827134000
108.75,105.53,108.625,4995300,4607466.1490683200,5097434.5865403000,3050220.6000896400,752881.7101263090,2297338.88996333000
110.94,108.53,109.315,4776600,-1664873.0290456500,3432561.5574946500,3241391.0787921400,1240096.2278296400,2001294.85096250000
110.94,108.75,110.5,4190000,2506347.0319634800,5938908.5894581200,4590149.8341251400,2094425.7481257300,2495724.08599940000
114.22,107.75,112.75,6035300,3292829.8299845500,9231738.4194426700,6910944.1267839000,3392118.9610924500,3518825.16569146000
123,117,123,12168900,12168900.0000000000,21400638.4194427000,14155791.2731133000,6666395.2262470300,7489396.04686625000
121.75,118,119.625,9040800,-1205440.0000000000,20195198.4194427000,17175494.8462780000,9126177.6250098800,8049317.22126810000
119.815,116,118.75,5780300,2553028.9646133700,22748227.3840560000,19961861.1151670000,11602913.9448365000,8358947.17033056000
120.315,118.5,119.25,4320800,-749890.9090909050,21998336.4749651000,20980098.7950661000,13492990.7684962000,7487108.02656986000
119.375,116.53,117.94,3899100,-34262.7416520289,21964073.7333131000,21472086.2641896000,15033187.6711902000,6438898.59299940000
118.19,116.25,116.44,3221400,-2590404.1237113500,19373669.6096018000,20422877.9368957000,15822366.2054468000,4600511.73144883000
116.69,114.595,115.19,3455500,-1492710.0238663500,17880959.5857354000,19151918.7613155000,16196655.9109539000,2955262.85036169000
115.345,110.875,111.875,4304200,-2378383.4451901600,15502576.1405453000,17327247.4509304000,16070459.5890614000,1256787.86186901000
113,110.5,110.595,4703900,-4346403.6000000000,11156172.5405452000,14241709.9957378000,15176952.8529675000,-935242.85722971500
118.315,110.72,118.125,8316300,7900211.2574061900,19056383.7979514000,16649046.8968446000,15882303.9338737000,766742.96297093100
116.87,112.62,116,10553900,6233009.1764705700,25289392.9744220000,20969219.9356333000,17592683.7594279000,3376536.17620539000
116.75,114.19,116,6384800,2643706.2500000000,27933099.2244220000,24451159.5800277000,19472759.2985178000,4978400.28150990000
113.87,111.19,112,7163300,-2833245.5223880600,25099853.7020340000,24775506.6410308000,20495867.3718843000,4279639.26914646000
114.62,109.44,113.75,7007800,4653828.5714285600,29753682.2734625000,27264594.4572467000,22179106.4448986000,5085488.01234810000
115.31,111.56,112.94,5114100,-1350122.4000000100,28403559.8734625000,27834077.1653546000,23310825.2500920000,4523251.91526258000
116,112.44,116,5263800,5263800.0000000000,33667359.8734625000,30750718.5194085000,25193831.5452503000,5556886.97415827000
121.69,117.5,120.5,6666100,2879627.9236276900,36546987.7970902000,33648853.1582494000,27258041.7728575000,6390811.38539184000
119.87,116.06,116.62,7398400,-5223542.2572178400,31323445.5398723000,32486149.3490609000,27997206.0941330000,4488943.25492790000
120.87,116.56,117,5575000,-4436716.9373549900,26886728.6025174000,29686438.9757891000,27795301.0956574000,1891137.88013172000
116.75,113.31,115.25,4852300,620643.0232558110,27507371.6257732000,28596905.3007811000,27742950.2829512000,853955.01782997000
116.5,112.56,114.31,4298100,-479990.8629441600,27027380.7628290000,27812143.0318051000,27612846.7338380000,199296.29796702800
116,114,115.5,4900500,2450250.0000000000,29477630.7628290000,28644886.8973170000,27951898.3754728000,692988.52184427900
118.31,114.75,115.87,4887700,-1812293.2584269600,27665337.5044020000,28155112.2008595000,27899796.3989144000,255315.80194509400
121.5,118.87,120.69,6964800,2674695.0570342000,30340032.5614362000,29247572.3811479000,28343475.7011911000,904096.67995675700
122,119,120.19,4679200,-967034.6666666740,29372997.8947696000,29310285.1379587000,28530661.5545690000,779623.58338969900
121.44,119.75,120.75,9165000,1681153.8461538600,31054151.7409234000,30182218.4394411000,28989477.9520880000,1192740.48735307000
125.75,122.62,124.75,6469800,2335742.4920127700,33389894.2329362000,31786056.3361886000,29789553.6395150000,1996502.69667369000
127.75,123,123.37,6792000,-5733877.8947368300,27656016.3381994000,29721036.3371940000,29401637.7665485000,319398.57064552600
124.19,121.75,122.94,4423800,-108781.9672131190,27547234.3709863000,28634135.3540901000,29064473.5128099000,-430338.15871976300
124.44,121.56,122.56,5231900,-1598636.1111111100,25948598.2598752000,27291366.8069826000,28497950.7395490000,-1206583.93256639000
125.75,123.12,123.12,4565600,-4565600.0000000000,21382998.2598752000,24337182.5334289000,27204323.0159720000,-2867140.48254306000
124.69,122.19,122.56,6235200,-4389580.7999999800,16993417.4598752000,20665299.9966520000,25347794.7330453000,-4682494.73639324000
125.31,122.75,124.62,5225900,2408813.2812500100,19402230.7411252000,20033765.3688886000,24266783.0981507000,-4233017.72926210000
132,124.37,129.25,8261400,2306262.3853211000,21708493.1264463000,20871129.2476674000,23801639.4669317000,-2930510.21926427000
131.31,128,131,5912500,4805022.6586102600,26513515.7850566000,23692322.5163620000,24294707.8884090000,-602385.37204696200
132.25,129.5,132.25,3545600,3545600.0000000000,30059115.7850566000,26875719.1507093000,25342782.0514358000,1532937.09927348000
133.88,130.81,131,5714500,-5007167.7524430000,25051948.0326135000,25963833.5916614000,25289903.1389227000,673930.45273875400
133.5,130.63,132.81,6653900,3454463.7630662200,28506411.7956798000,27235122.6936706000,25874722.8946967000,1360399.79897391000
135.5,132.13,134,6094500,669129.0801187020,29175540.8757985000,28205331.7847345000,26474871.6185334000,1730460.16620116000
137.44,133.88,137.38,4799200,4637429.2134831400,33812970.0892816000,31009150.9370081000,27809071.3404876000,3200079.59652048000
138.69,135.38,137.81,5050800,2365178.2477341500,36178148.3370158000,33593649.6370119000,29330721.7034927000,4262927.93351920000
139.19,135.75,137.88,5648900,1346540.1162790600,37524688.4532948000,35559169.0451534000,30820533.8398204000,4738635.20533301000
138.5,136.19,137.25,4726300,-388743.2900432850,37135945.1632515000,36347557.1042024000,31968790.4440806000,4378766.66012188000
138.13,134.5,136.31,5585600,-15387.3278236775,37120557.8354279000,36734057.4698151000,32905475.4243255000,3828582.04548962000
137.5,135.38,136.25,5124800,-918596.2264150810,36201961.6090128000,36468009.5394140000,33504836.5488141000,2963172.99059985000
138.88,133.69,134.63,7630200,-4866273.9884393100,31335687.6205735000,33901848.5799937000,33110445.8345885000,791402.74540517500
132.13,126.06,128.25,14311600,-3984613.5090609600,27351074.1115125000,30626461.3457531000,32063287.3394838000,-1436825.99373069000
129.75,126.87,129,8793600,4213599.9999999900,31564674.1115125000,31095567.7286328000,31972630.3889436000,-877062.66031076000
128.5,123.5,123.87,8874200,-7560818.3999999800,24003855.7115125000,27549711.7200727000,30523762.2657743000,-2974050.54570162000
125.44,122.62,124.81,6966600,3853863.8297872500,27857719.5412998000,27703715.6306862000,30039027.2249607000,-2335311.59427452000
125.12,122.75,123,5525500,-4359782.7004219400,23497936.8408778000,25600826.2357820000,28849738.0642184000,-3248911.82843636000
126.5,123.56,126.25,6515500,5407421.7687074800,28905358.6095853000,27253092.4226837000,28859850.8906487000,-1606758.46796507000
128.69,125.81,128.38,5291900,4152671.5277777700,33058030.1373631000,30155561.2800234000,29623156.2082331000,532405.07179021500
126.62,124.62,125.37,5711700,-1427925.0000000000,31630105.1373631000,30892833.2086932000,29988056.0135295000,904777.19516371900
126.69,124.37,125.69,4327700,596924.1379310230,32227029.2752941000,31559931.2419937000,30395142.0611231000,1164789.18087059000
126,121.81,122.25,4568000,-3608610.9785202900,28618418.2967738000,30089174.7693837000,30072101.3766959000,17073.39268780500
123.12,118.19,119.37,6859200,-3575688.4381338600,25042729.8586399000,27565952.3140118000,29157670.1915948000,-1591717.87758300000
121.87,118.06,118.5,5757500,-4427683.7270341300,20615046.1316058000,24090499.2228088000,27604465.8170514000,-3513966.59424255000
124,117.56,123.19,7367000,5513810.5590062100,26128856.6906120000,25109677.9567104000,27336173.2486079000,-2226495.29189743000
127,121,123.5,6144100,-1024016.6666666700,25104840.0239454000,25107258.9903279000,26930476.2986692000,-1823217.30834132000
124.44,121.12,122.19,4052700,-1440417.4698795300,23664422.5540658000,24385840.7721969000,26336648.3451050000,-1950807.57290810000
122.5,118.94,119.31,5849700,-4633751.1235954900,19030671.4304703000,21708256.1013336000,25008288.9060805000,-3300032.80474689000
123.75,119.81,123.31,5544700,4306289.8477157400,23336961.2781861000,22522608.6897598000,24704411.1555542000,-2181802.46579439000
123.81,121,121.12,5032200,-4602403.5587188500,18734557.7194672000,20628583.2046135000,23618983.2580839000,-2990400.05347033000
124.5,122,123.37,4400600,422457.6000000160,19157015.3194672000,19892799.2620404000,22807716.3601536000,-2914917.09811318000
127.87,124.5,127.37,4894100,3441844.8071216600,22598860.1265889000,21245829.6943146000,22769742.4995054000,-1523912.80519080000
128.56,126.56,128.5,5140000,4831599.9999999900,27430460.1265889000,24338144.9104518000,23617145.7044297000,720999.20602206100
129.63,123.5,123.87,6610900,-5812846.8189233200,21617613.3076656000,22977879.1090587000,23253594.3595635000,-275715.25050482900
124.87,121.25,122.94,7585200,-502886.1878453220,21114727.1198203000,22046303.1144395000,22864709.4068829000,-818406.29244344700
124.37,121.06,121.75,5963100,-3476973.7160120900,17637753.4038082000,19842028.2591238000,21914353.7699602000,-2072325.51083641000
124.87,122.31,124.44,6045500,4014589.8437499700,21652343.2475581000,20747185.7533410000,21866715.4931598000,-1119529.73981887000
123.62,121,122,8443300,-1998032.8244274900,19654310.4231306000,20200748.0882358000,21464460.0258818000,-1263711.93764600000
124.06,120.87,122.37,6464700,-385044.8275862030,19269265.5955444000,19735006.8418901000,21065333.7658205000,-1330326.92393035000
125.87,122.06,122.94,6248300,-3361946.1942257400,15907319.4013187000,17821163.1216044000,20127512.9722747000,-2306349.85067028000
125.19,122.75,124,4357200,107144.2622950860,16014463.6636138000,16917813.3926091000,19379685.8252454000,-2461872.43263633000
125.62,122.69,123.19,4774700,-3145109.5563140000,12869354.1072998000,14893583.7499544000,18195989.1492553000,-3302405.39930087000
126,122.87,124.56,6216900,496557.5079872210,13365911.6152870000,14129747.6826207000,17317793.2339883000,-3188045.55136762000
128.5,125.5,127.25,6266900,1044483.3333333300,14410394.9486203000,14270071.3156205000,16789175.3639214000,-2519104.04830090000
126.75,124.25,125.87,5584800,1653100.8000000200,16063495.7486204000,15166783.5321204000,16657233.6156849000,-1490450.08356443000
129.75,128,128.86,5284500,-90591.4285713462,15972904.3200490000,15569843.9260847000,16532810.1073874000,-962966.18130271500
132.69,128.38,132,7554500,5135657.7726218200,21108562.0926708000,18339203.0093778000,17364765.0138026000,974437.99557517800
133.94,130.69,130.75,7209500,-6943303.0769230700,14165259.0157478000,16252231.0125628000,16783036.6505199000,-530805.63795713000
136.5,131.63,134.75,8424800,2370015.6057494900,16535274.6214973000,16393752.8170300000,16737989.0088794000,-344236.19184940700
137.69,134.38,135,5094500,-3185986.4048338200,13349288.2166634000,14871520.5168467000,16121861.5921129000,-1250341.07526615000
135.56,132,132.38,4443600,-3494966.2921348400,9854321.9245286000,12362921.2206877000,14982308.9252794000,-2619387.70459171000
133.56,131.94,133.31,4591100,3174093.8271605000,13028415.7516891000,12695668.4861884000,14627055.6209902000,-1931387.13480185000
135,131.94,131.94,5658400,-5658400.0000000000,7370015.7516890900,10032842.1189387000,13307593.8265718000,-3274751.70763310000
132.38,129.56,130,6094100,-4192395.0354610000,3177620.7162280900,6605231.4175834200,11465780.5337821000,-4860549.11619865000
131.44,123.75,125.37,14862200,-8600362.8088426300,-5422742.0926145400,591244.6624844390,8395140.0562554100,-7803895.39377097000
130.88,126,130.13,7544700,5225632.3770491800,-197109.7155653600,197067.4734595390,6832912.8250152700,-6635845.35155573000
129.63,126.25,127.12,6985600,-3389462.7218934700,-3586572.4374588300,-1694752.4819996400,4938460.9591108900,-6633213.44111053000
127.25,124.37,125.19,8093000,-3484486.1111111400,-7071058.5485699700,-4382905.5152848100,2754911.9577143700,-7137817.47299917000
127.81,121.44,122,7590000,-6255494.5054945000,-13326553.0540645000,-8854729.2846746400,-168990.7716999660,-8685738.51297467000
125,120.44,125,7451300,7451300.0000000000,-5875253.0540644700,-7364991.1693695600,-1206493.0048571500,-6158498.16451241000
126.81,121.37,123,7078000,-2836404.4117647200,-8711657.4658291900,-8038324.3175993700,-2571068.3613975200,-5467255.95620185000
124.75,121.69,123.5,7105300,1300316.3398692900,-7411341.1259599000,-7724832.7217796400,-3451117.9549543200,-4273714.76682532000
122.81,120,120.06,8778800,-8403904.6263345100,-15815245.7522944000,-11770039.2370370000,-5699141.1908343300,-6070898.04620269000
122.25,119.62,121,6643900,328405.7034220420,-15486840.0488724000,-13628439.6429547000,-7478722.8013867000,-6149716.84156799000
121.06,115.5,117.75,10563900,-2013980.9352518000,-17500820.9841242000,-15564630.3135394000,-9300922.4709753300,-6263707.84256410000
120,116.75,119.87,7043100,6479652.0000000200,-11021168.9841242000,-13292899.6488318000,-9613694.5642751200,-3679205.08455667000
123.25,119.06,122,6438900,2597074.2243436700,-8424094.7597804800,-10858497.2043061000,-9397403.6907306400,-1461093.51357550000
122.75,119.06,119.19,8057700,-7489948.7804878200,-15914043.5402683000,-13386270.3722872000,-10582247.2997375000,-2804023.07254973000
119.19,115.06,116.37,14240000,-5206392.2518159600,-21120435.7920843000,-17253353.0821857000,-12498281.5710733000,-4755071.51111248000
115.06,111.06,113.5,17872300,3931905.9999999800,-17188529.7920843000,-17220941.4371350000,-13351053.9748934000,-3869887.46224156000
116.69,113.12,114.25,7831100,-2873596.9187675200,-20062126.7108518000,-18641534.0739934000,-14571249.0177950000,-4070285.05619844000
114.87,110,110,8277700,-8277700.0000000000,-28339826.7108518000,-23490680.3924226000,-17074626.7801689000,-6416053.61225367000
110.87,105,105.06,15017800,-14710792.1635434000,-43050618.8743952000,-33270649.6334089000,-21797534.4336646000,-11473115.19974430000
107.25,104.69,107,14183300,11413124.2187500000,-31637494.6556452000,-32454072.1445271000,-23586618.1103884000,-8867454.03413870000
108.87,103.87,107.87,13921100,8352660.0000000000,-23284834.6556452000,-27869453.4000861000,-23531748.3913442000,-4337705.00874199000
109,104.69,107,9683000,696457.0765661300,-22588377.5790791000,-25228915.4895826000,-23360226.4254778000,-1868689.06410483000
108.5,105.44,107.12,9187300,900715.6862745430,-21687661.8928045000,-23458288.6911936000,-23056123.7831736000,-402164.90802002300
113.06,107,107,11380500,-11380500.0000000000,-33068161.8928045000,-28263225.2919991000,-24876494.3485610000,-3386730.94343806000
93,89,91,69447300,0.0000000000,-33068161.8928045000,-30665693.5924018000,-26365888.4475144000,-4299805.14488743000
94.62,92.5,93.94,26673600,9562233.9622640200,-23505927.9305405000,-27085810.7614712000,-25845895.6262464000,-1239915.13522476000
95.12,92.12,93.87,13768400,2294733.3333333300,-21211194.5972072000,-24148502.6793392000,-25003222.7118756000,854720.03253645400
96,94.62,95.5,11371600,3131310.1449275100,-18079884.4522797000,-21114193.5658094000,-23744433.9374036000,2630240.37159421000
95.56,92.81,93,9872200,-8508041.4545454700,-26587925.9068252000,-23851059.7363173000,-24261432.4772985000,410372.74098116200
95.31,94.25,94.94,9450500,2852981.1320754000,-23734944.7747498000,-23793002.2555335000,-24165707.4404714000,372705.18493789400
99,96.25,98.25,11083300,5037863.6363636400,-18697081.1383861000,-21245041.6969598000,-23171411.7491832000,1926370.05222336000
98.81,96.37,96.75,9552800,-6577337.7049180700,-25274418.8433042000,-23259730.2701320000,-23553776.6753870000,294046.40525499700
96.81,93.69,94.81,11108400,-3133138.4615384400,-28407557.3048426000,-25833643.7874873000,-24436282.2443789000,-1397361.54310838000
95.94,93.5,94.37,10374200,-2976204.9180327400,-31383762.2228754000,-28608703.0051813000,-25699460.4222874000,-2909242.58289397000
94.44,90,91.56,16701900,-4965429.7297297100,-36349191.9526051000,-32478947.4788932000,-27635775.2459815000,-4843172.23291171000
92.94,90.19,90.25,13741900,-13142253.4545454000,-49491445.4071505000,-40985196.4430218000,-31609533.4571031000,-9375662.98591872000
93.94,90.5,93.94,8523600,8523600.0000000000,-40967845.4071505000,-40976520.9250862000,-33311044.7207481000,-7665476.20433807000
95.5,92.12,93.62,9551900,-1073882.2485207000,-42041727.6556712000,-41509124.2903787000,-34898441.6180068000,-6610682.67237184000
97.06,94.12,97,8680500,8326193.8775510100,-33715533.7781202000,-37612329.0342494000,-34683367.4653002000,-2928961.56894926000
97.5,94.87,95,7151700,-6444687.8326996400,-40160221.6108198000,-38886275.3225346000,-35679159.1281219000,-3207116.19441270000
96.25,93,95.87,9673100,7411082.7692308000,-32749138.8415890000,-35817707.0820618000,-35146428.1669341000,-671278.91512771000
96.37,93.87,94.06,6264700,-5312465.6000000100,-38061604.4415890000,-36939655.7618254000,-35676460.2168714000,-1263195.54495405000
95,93,94.62,8541600,5295792.0000000400,-32765812.4415890000,-34852734.1017072000,-35147251.5304564000,294517.42874918100
94.87,92.62,93.75,8358000,37146.6666666329,-32728665.7749224000,-33790699.9383148000,-34707508.6658139000,916808.72749905300
98.25,93.56,98,18720800,16724979.1044776000,-16003686.6704448000,-24897193.3043798000,-31306813.7575649000,6409620.45318514000
105.12,98.37,103.94,19683100,12801305.0370370000,-3202381.6334077700,-14049787.4688938000,-26196917.0077182000,12147129.53882440000
108.44,104.44,107.87,13682500,9782987.5000000500,6580605.8665922800,-3734590.8011507500,-20237367.3942072000,16502776.59305640000
109.87,106,106.06,10668100,-10337306.2015504000,-3756700.3349581000,-3745645.5680544200,-17240882.4743437000,13495236.90628930000
105,101.81,104.5,9710600,6666524.7648902800,2909824.4299321800,-417910.5690611200,-13577117.5826572000,13159207.01359610000
106,104.12,105,3113100,-198708.5106383060,2711115.9192938800,1146602.6751163800,-10615620.5823024000,11762223.25741880000
104.94,103.37,104.19,5682000,253337.5796178110,2964453.4989116900,2055528.0870140300,-8146516.2038998700,10202044.29091390000
104.5,102.12,103.06,5763600,-1210840.3361344600,1753613.1627772300,1904570.6248956300,-6346492.6826858500,8251063.30758149000
104.44,102.25,103.42,5340000,365753.4246575480,2119366.5874347800,2011968.6061652100,-4807245.5426639200,6819214.14882913000
106.31,103.37,105.27,6220800,1819689.7959183400,3939056.3833531200,2975512.4947591600,-3217008.8288426400,6192521.32360180000
112.87,107.94,111.87,14680500,8724921.9066937200,12663978.2900468000,7819745.3924030000,-329556.6254081890,8149302.01781119000
116.5,112.5,116,9933000,7449750.0000000000,20113728.2900468000,13966736.8412249000,3387404.2683109100,10579332.57291400000
119.19,115.44,116.62,11329500,-4199467.9999999600,15914260.2900469000,14940498.5656359000,5665014.4540810800,9275484.11155481000
121,115.5,118.28,8145300,88857.8181818216,16003118.1082287000,15471808.3369323000,7544669.6639261000,7927138.67300619000
122.12,112.25,113.37,16644700,-12867179.4326241000,3135938.6756046000,9303873.5062684500,6743082.2115040100,2560791.29476444000
111.94,107.56,109,12593800,-4312945.2054794600,-1177006.5298748600,4063433.4881968000,5303066.0767078500,-1239632.58851106000
112.75,106.56,109.7,7138100,103784.9757673710,-1073221.5541074900,1495105.9670446600,4143741.0529232500,-2648635.08587859000
110.19,106.87,109.25,7442300,3227985.5421686800,2154763.9880611900,1824934.9775529200,3782108.8593119600,-1957173.88175904000
107.94,104.5,107,9442300,4281973.2558139600,6436737.2438751500,4130836.1107140400,4264768.5655961800,-133932.45488214200
109.69,105.75,109.19,7123600,5315579.6954314700,11752316.9393066000,7941576.5250103300,5626140.9971799000,2315435.52783043000
111.06,108.62,110,7680600,1007291.8032786700,12759608.7425853000,10350592.6337978000,6923135.1327081500,3427457.50108966000
110.44,107.75,109.2,4839800,377828.2527881190,13137436.9953734000,11744014.8145856000,8053008.1986472900,3691006.61593832000
110.12,108.06,110.12,4775500,4775500.0000000000,17912936.9953734000,14828475.9049795000,9845722.5253247700,4982753.37965475000
110.31,108,108,4008800,-4008800.0000000000,13904136.9953734000,14366306.4501765000,10583616.0653336000,3782690.38484285000
110.44,108.19,108.62,4533600,-2800757.3333333100,11103379.6620401000,12734843.0561083000,10678118.5374621000,2056724.51864622000
110,108.12,109.75,3741100,2746126.5957446800,13849506.2577848000,13292174.6569465000,11254734.4866116000,2037440.17033489000
110.75,109.06,109.81,4084800,-459237.8698224800,13390268.3879623000,13341221.5224544000,11643013.3777663000,1698208.14468811000
110.5,108.75,109,2685200,-1918000.0000000000,11472268.3879623000,12406744.9552084000,11611968.8341656000,794776.12104278100
110.5,108.56,108.75,3438000,-2764577.3195876400,8707691.0683746700,10557218.0117915000,11083918.3312945000,-526700.31950299300
109.5,106.62,107.87,2870500,-378746.5277777740,8328944.5405968900,9443081.2761942100,10583014.0057131000,-1139932.72951892000
